Workbook

Sheet Casos
A1: Matriz de casos de prueba - ISW-623 Actividad 1 (Persona 2)
A2: Leyenda: las columnas amarillas (Resultado obtenido y Motivo obtenido) las llena la Persona 5 después de ejecutar el paquete. 'Coincide' se calcula sola. Los registros normales válidos (1000 líneas) no se listan uno por uno: se verifican con los totales de la hoja Resumen.
A4: Id | B4: Archivo | C4: Linea | D4: Caso | E4: RF | F4: Registro | G4: Resultado esperado | H4: Motivo esperado | I4: Resultado obtenido | J4: Motivo obtenido | K4: Coincide
A5: P01 | B5: PADRON_COMPLETO.txt | C5: 107 | D5: Cédula con cero inicial (debe conservarse como texto) | E5: RF-01, RF-04 | F5: 012345678,101001, ,20300115,00001,ANA ,SOLANO ,MORA | G5: Cargado | K5: =IF(I5="","",IF(AND(I5=G5,J5&""=H5&""),"Sí","No"))
A6: P02 | B6: PADRON_COMPLETO.txt | C6: 128 | D6: Espacios sobrantes en cédula, nombre y apellidos | E6: RF-03 | F6: 203456781 ,201001, ,20310520,00002, LUIS , ARAYA , CASTRO | G6: Cargado | K6: =IF(I6="","",IF(AND(I6=G6,J6&""=H6&""),"Sí","No"))
A7: P03 | B7: PADRON_COMPLETO.txt | C7: 142 | D7: Código electoral con espacios alrededor | E7: RF-03, RF-06 | F7: 304567892, 301001 , ,20290310,00003,LAURA ,QUESADA ,ROJAS | G7: Cargado | K7: =IF(I7="","",IF(AND(I7=G7,J7&""=H7&""),"Sí","No"))
A8: P04 | B8: PADRON_COMPLETO.txt | C8: 183 | D8: Sin segundo apellido (Apellido2 vacío -> NULL) | E8: RF-03 | F8: 405678913,401001, ,20320801,00004,JOHN ,SMITH , | G8: Cargado | K8: =IF(I8="","",IF(AND(I8=G8,J8&""=H8&""),"Sí","No"))
A9: P05 | B9: PADRON_COMPLETO.txt | C9: 231 | D9: Ñ en apellidos (página de códigos 1252) | E9: RF-01 | F9: 506789124,501001, ,20330228,00005,PEÑA ,MUÑOZ ,NUÑEZ | G9: Cargado | K9: =IF(I9="","",IF(AND(I9=G9,J9&""=H9&""),"Sí","No"))
A10: P06 | B10: PADRON_COMPLETO.txt | C10: 237 | D10: Fecha 29 de febrero en año bisiesto (2028) | E10: RF-05 | F10: 607891235,601001, ,20280229,00006,SOFIA ,ARIAS ,BRENES | G10: Cargado | K10: =IF(I10="","",IF(AND(I10=G10,J10&""=H10&""),"Sí","No"))
A11: P07 | B11: PADRON_COMPLETO.txt | C11: 257 | D11: RELLENO con un valor distinto de espacio (se conserva tal cual) | E11: RF-01 | F11: 708912346,701001,X,20341111,00007,PABLO ,SOTO ,CAMPOS | G11: Cargado | K11: =IF(I11="","",IF(AND(I11=G11,J11&""=H11&""),"Sí","No"))
A12: P08 | B12: PADRON_COMPLETO.txt | C12: 277 | D12: Distrito de consulado (código 8xxxxx existe en el catálogo) | E12: RF-06, RF-07 | F12: 109123457,848001, ,20300909,09999,DIEGO ,SEGURA ,MORA | G12: Cargado | K12: =IF(I12="","",IF(AND(I12=G12,J12&""=H12&""),"Sí","No"))
A13: P09 | B13: PADRON_COMPLETO.txt | C13: 354 | D13: Cédula vacía (9 espacios) | E13: RF-04 | F13: ,101001, ,20300101,00010,MARTA ,VARGAS ,MORA | G13: Rechazado | H13: CEDULA_VACIA | K13: =IF(I13="","",IF(AND(I13=G13,J13&""=H13&""),"Sí","No"))
A14: P10 | B14: PADRON_COMPLETO.txt | C14: 362 | D14: Cédula vacía (campo sin caracteres) | E14: RF-04 | F14: ,101001, ,20300101,00011,ROSA ,VARGAS ,MORA | G14: Rechazado | H14: CEDULA_VACIA | K14: =IF(I14="","",IF(AND(I14=G14,J14&""=H14&""),"Sí","No"))
A15: P11 | B15: PADRON_COMPLETO.txt | C15: 411 | D15: Cédula de 8 dígitos | E15: RF-04 | F15: 12345678,101001, ,20300101,00012,PEDRO ,MORA ,SOTO | G15: Rechazado | H15: CEDULA_LONGITUD | K15: =IF(I15="","",IF(AND(I15=G15,J15&""=H15&""),"Sí","No"))
A16: P12 | B16: PADRON_COMPLETO.txt | C16: 436 | D16: Cédula de 10 dígitos | E16: RF-04 | F16: 1234567890,101001, ,20300101,00013,PEDRO ,MORA ,ARIAS | G16: Rechazado | H16: CEDULA_LONGITUD | K16: =IF(I16="","",IF(AND(I16=G16,J16&""=H16&""),"Sí","No"))
A17: P13 | B17: PADRON_COMPLETO.txt | C17: 452 | D17: Cédula con letra | E17: RF-04 | F17: 1234A6789,101001, ,20300101,00014,ELENA ,ROJAS ,SOTO | G17: Rechazado | H17: CEDULA_CARACTERES | K17: =IF(I17="","",IF(AND(I17=G17,J17&""=H17&""),"Sí","No"))
A18: P14 | B18: PADRON_COMPLETO.txt | C18: 498 | D18: Cédula con guiones (9 caracteres) | E18: RF-04 | F18: 1-234-567,101001, ,20300101,00015,RAUL ,ROJAS ,MORA | G18: Rechazado | H18: CEDULA_CARACTERES | K18: =IF(I18="","",IF(AND(I18=G18,J18&""=H18&""),"Sí","No"))
A19: P15 | B19: PADRON_COMPLETO.txt | C19: 500 | D19: Cédula con espacio interno | E19: RF-04 | F19: 1234 6789,101001, ,20300101,00016,IRENE ,CHAVES ,MORA | G19: Rechazado | H19: CEDULA_CARACTERES | K19: =IF(I19="","",IF(AND(I19=G19,J19&""=H19&""),"Sí","No"))
A20: P16 | B20: PADRON_COMPLETO.txt | C20: 551 | D20: Fecha 31 de febrero (día inexistente) | E20: RF-05 | F20: 811111111,101001, ,20300231,00020,HUGO ,CASTRO ,MORA | G20: Rechazado | H20: FECHA_INVALIDA | K20: =IF(I20="","",IF(AND(I20=G20,J20&""=H20&""),"Sí","No"))
A21: P17 | B21: PADRON_COMPLETO.txt | C21: 616 | D21: Fecha con mes 13 | E21: RF-05 | F21: 811111112,101001, ,20301301,00021,OSCAR ,CASTRO ,SOTO | G21: Rechazado | H21: FECHA_INVALIDA | K21: =IF(I21="","",IF(AND(I21=G21,J21&""=H21&""),"Sí","No"))
A22: P18 | B22: PADRON_COMPLETO.txt | C22: 631 | D22: Fecha con letras | E22: RF-05 | F22: 811111113,101001, ,2030AB01,00022,IVAN ,ARAYA ,SOTO | G22: Rechazado | H22: FECHA_INVALIDA | K22: =IF(I22="","",IF(AND(I22=G22,J22&""=H22&""),"Sí","No"))
A23: P19 | B23: PADRON_COMPLETO.txt | C23: 694 | D23: Fecha vacía | E23: RF-05 | F23: 811111114,101001, , ,00023,EDGAR ,ARAYA ,MORA | G23: Rechazado | H23: FECHA_INVALIDA | K23: =IF(I23="","",IF(AND(I23=G23,J23&""=H23&""),"Sí","No"))
A24: P20 | B24: PADRON_COMPLETO.txt | C24: 705 | D24: Fecha en orden DDMMAAAA (no AAAAMMDD) | E24: RF-05 | F24: 811111115,101001, ,15012030,00024,TERESA ,SOLANO ,ARIAS | G24: Rechazado | H24: FECHA_INVALIDA | K24: =IF(I24="","",IF(AND(I24=G24,J24&""=H24&""),"Sí","No"))
... A40: C04 | B40: distelec.txt | C40: 2183 | D40: Código repetido (101001 ya existe) | E40: RF-02, RF-03 | F40: 101001,SAN JOSE,CENTRAL,HOSPITAL DUPLICADO | G40: Rechazado | H40: CATALOGO_DUPLICADO | K40: =IF(I40="","",IF(AND(I40=G40,J40&""=H40&""),"Sí","No"))

Sheet Resumen
A1: Totales esperados por archivo y motivo
A2: Leídos: líneas físicas de cada archivo (fuente: Herramientas/Generar_DatosPrueba.py). Rechazos esperados: se cuentan desde la hoja Casos. La columna amarilla la llena la Persona 5.
A4: Archivo | B4: Concepto | C4: Esperado | D4: Obtenido | E4: Diferencia
A5: PADRON_COMPLETO.txt | B5: Leídos | C5: 1032 | E5: =IF(D5="","",D5-C5)
A6: PADRON_COMPLETO.txt | B6: Rechazados LINEA_MALFORMADA | C6: =COUNTIFS(Casos!$B$5:$B$40,"PADRON_COMPLETO.txt",Casos!$H$5:$H$40,"LINEA_MALFORMADA") -> 2 | E6: =IF(D6="","",D6-C6)
A7: PADRON_COMPLETO.txt | B7: Rechazados CEDULA_VACIA | C7: =COUNTIFS(Casos!$B$5:$B$40,"PADRON_COMPLETO.txt",Casos!$H$5:$H$40,"CEDULA_VACIA") -> 3 | E7: =IF(D7="","",D7-C7)
A8: PADRON_COMPLETO.txt | B8: Rechazados CEDULA_LONGITUD | C8: =COUNTIFS(Casos!$B$5:$B$40,"PADRON_COMPLETO.txt",Casos!$H$5:$H$40,"CEDULA_LONGITUD") -> 2 | E8: =IF(D8="","",D8-C8)
A9: PADRON_COMPLETO.txt | B9: Rechazados CEDULA_CARACTERES | C9: =COUNTIFS(Casos!$B$5:$B$40,"PADRON_COMPLETO.txt",Casos!$H$5:$H$40,"CEDULA_CARACTERES") -> 3 | E9: =IF(D9="","",D9-C9)
A10: PADRON_COMPLETO.txt | B10: Rechazados FECHA_INVALIDA | C10: =COUNTIFS(Casos!$B$5:$B$40,"PADRON_COMPLETO.txt",Casos!$H$5:$H$40,"FECHA_INVALIDA") -> 8 | E10: =IF(D10="","",D10-C10)
A11: PADRON_COMPLETO.txt | B11: Rechazados CODELEC_NO_EXISTE | C11: =COUNTIFS(Casos!$B$5:$B$40,"PADRON_COMPLETO.txt",Casos!$H$5:$H$40,"CODELEC_NO_EXISTE") -> 4 | E11: =IF(D11="","",D11-C11)
A12: PADRON_COMPLETO.txt | B12: Rechazados CEDULA_DUPLICADA | C12: =COUNTIFS(Casos!$B$5:$B$40,"PADRON_COMPLETO.txt",Casos!$H$5:$H$40,"CEDULA_DUPLICADA") -> 2 | E12: =IF(D12="","",D12-C12)
A13: PADRON_COMPLETO.txt | B13: Rechazados (total) | C13: =SUM(C6:C12) -> 24 | E13: =IF(D13="","",D13-C13)
A14: PADRON_COMPLETO.txt | B14: Cargados | C14: =C5-C13 -> 1008 | E14: =IF(D14="","",D14-C14)
A15: distelec.txt | B15: Leídos | C15: 2183 | E15: =IF(D15="","",D15-C15)
A16: distelec.txt | B16: Rechazados CATALOGO_INVALIDO | C16: =COUNTIFS(Casos!$B$5:$B$40,"distelec.txt",Casos!$H$5:$H$40,"CATALOGO_INVALIDO") -> 3 | E16: =IF(D16="","",D16-C16)
A17: distelec.txt | B17: Rechazados CATALOGO_DUPLICADO | C17: =COUNTIFS(Casos!$B$5:$B$40,"distelec.txt",Casos!$H$5:$H$40,"CATALOGO_DUPLICADO") -> 1 | E17: =IF(D17="","",D17-C17)
A18: distelec.txt | B18: Rechazados (total) | C18: =SUM(C16:C17) -> 4 | E18: =IF(D18="","",D18-C18)
A19: distelec.txt | B19: Cargados | C19: =C15-C18 -> 2179 | E19: =IF(D19="","",D19-C19)
A21: Control: leídos = cargados + rechazados (padrón) | C21: =IF(C5=C14+C13,"Cuadra","No cuadra") -> Cuadra

Sheet Orden de validacion
A1: Orden en que se evalúan las reglas (un registro con varios errores recibe el PRIMER motivo)
A3: Orden | B3: Motivo | C3: Componente | D3: Responsable | E3: Condición
A4: 1 | B4: LINEA_MALFORMADA | C4: Flat File Source (salida de error) / Conditional Split | D4: Persona 3 | E4: Columnas faltantes: NOMBRE o APELLIDO1 vacío o NULL, o error de lectura
A5: 2 | B5: CEDULA_VACIA | C5: Conditional Split | D5: Persona 3 | E5: TRIM(Cedula) vacío o NULL
A6: 3 | B6: CEDULA_LONGITUD | C6: Conditional Split | D6: Persona 3 | E6: LEN(TRIM(Cedula)) != 9
A7: 4 | B7: CEDULA_CARACTERES | C7: Conditional Split | D7: Persona 3 | E7: Quedan caracteres al quitar los dígitos 0-9
A8: 5 | B8: FECHA_INVALIDA | C8: Derived Column (salida de error) | D8: Persona 3 | E8: AAAAMMDD no convertible a DT_DBDATE
A9: 6 | B9: CODELEC_NO_EXISTE | C9: Lookup (sin coincidencia) | D9: Persona 4 | E9: Código no está en dbo.UbicacionElectoral
A10: 7 | B10: CEDULA_DUPLICADA | C10: Script Component / control de duplicados | D10: Persona 4 | E10: Cédula ya vista antes: se carga solo la primera
